Season,Team,TG,PA,HR,R,SB,BB%,K%,AVG,OBP,SLG,OPS
2000,ANA,162,6373,236,864,93,9.5%,16.1%,0.280,0.352,0.472,0.824
2000,BAL,162,6238,184,794,126,8.9%,14.4%,0.272,0.341,0.435,0.776
2000,BOS,162,6371,167,792,43,9.6%,16.0%,0.267,0.341,0.423,0.764
2000,CHW,162,6410,216,978,119,9.2%,15.0%,0.286,0.356,0.470,0.826
2000,CLE,162,6512,221,950,113,10.5%,16.2%,0.288,0.367,0.470,0.837
2000,DET,162,6343,177,823,83,8.9%,15.5%,0.275,0.343,0.438,0.781
2000,KCR,162,6394,150,879,121,8.0%,13.1%,0.288,0.348,0.425,0.773
2000,MIN,162,6283,116,748,90,8.8%,16.3%,0.270,0.337,0.407,0.744
2000,NYY,161,6311,205,871,99,10.0%,16.0%,0.277,0.354,0.450,0.804
2000,OAK,161,6432,239,947,40,11.7%,18.0%,0.270,0.360,0.458,0.818
2000,SEA,162,6444,198,907,122,12.0%,16.7%,0.269,0.361,0.442,0.803
2000,TBD,161,6206,162,733,90,9.0%,16.5%,0.257,0.329,0.399,0.728
2000,TEX,162,6364,173,848,69,9.1%,14.5%,0.283,0.352,0.446,0.798
2000,TOR,162,6326,244,861,89,8.3%,16.2%,0.275,0.341,0.469,0.810
2000,ARI,162,6241,179,792,97,8.6%,15.6%,0.265,0.333,0.429,0.762
2000,ATL,162,6275,179,810,148,9.5%,16.1%,0.271,0.346,0.429,0.775
2000,CHC,162,6397,183,764,93,9.9%,17.5%,0.256,0.335,0.411,0.746
2000,CIN,163,6373,200,825,100,8.8%,15.6%,0.274,0.343,0.447,0.790
2000,COL,162,6453,161,968,131,9.3%,14.1%,0.294,0.362,0.455,0.817
2000,FLA,161,6203,160,731,168,8.7%,19.1%,0.262,0.331,0.409,0.740
2000,HOU,162,6444,249,938,114,10.4%,17.5%,0.278,0.361,0.477,0.838
2000,LAD,162,6312,211,798,95,10.6%,17.2%,0.257,0.341,0.431,0.772
2000,MIL,163,6355,177,740,72,9.8%,19.6%,0.246,0.325,0.403,0.728
2000,MON,162,6153,178,738,58,7.7%,17.0%,0.266,0.326,0.432,0.758
2000,NYM,162,6328,198,807,66,10.7%,16.4%,0.263,0.346,0.430,0.776
2000,PHI,162,6273,144,708,102,9.7%,17.8%,0.251,0.329,0.400,0.729
2000,PIT,162,6369,168,793,86,8.9%,16.2%,0.267,0.339,0.424,0.763
2000,STL,162,6369,235,887,87,10.6%,19.7%,0.270,0.356,0.455,0.811
2000,SDP,162,6291,157,752,131,9.6%,18.7%,0.254,0.330,0.402,0.732
2000,SFG,162,6418,226,925,79,11.0%,16.1%,0.278,0.362,0.472,0.834
2001,ANA,162,6226,158,691,116,7.9%,16.1%,0.261,0.327,0.405,0.732
2001,BAL,162,6151,136,687,133,8.4%,16.1%,0.248,0.319,0.380,0.699
2001,BOS,161,6264,198,772,46,8.3%,18.1%,0.266,0.334,0.439,0.773
2001,CHW,162,6151,214,798,123,8.5%,16.2%,0.268,0.334,0.451,0.785
2001,CLE,162,6357,212,897,79,9.1%,16.9%,0.278,0.350,0.458,0.808
2001,DET,162,6145,139,724,133,7.6%,15.8%,0.260,0.320,0.409,0.729
2001,KCR,162,6176,152,729,100,6.6%,14.5%,0.266,0.318,0.409,0.727
2001,MIN,162,6185,164,771,146,8.0%,17.5%,0.272,0.337,0.433,0.770
2001,NYY,161,6233,203,804,161,8.3%,16.6%,0.267,0.334,0.435,0.769
2001,OAK,162,6385,199,884,68,10.0%,16.0%,0.264,0.345,0.439,0.784
2001,SEA,162,6474,169,927,174,9.5%,15.3%,0.288,0.360,0.445,0.805
2001,TBD,162,6104,121,672,115,7.5%,18.3%,0.258,0.320,0.388,0.708
2001,TEX,162,6388,246,890,97,8.6%,17.1%,0.275,0.344,0.471,0.815
2001,TOR,162,6284,195,767,156,7.5%,17.4%,0.263,0.325,0.430,0.755
2001,ARI,162,6349,208,818,71,9.2%,16.6%,0.267,0.341,0.442,0.783
2001,ATL,162,6152,174,729,85,8.0%,16.9%,0.260,0.324,0.412,0.736
2001,CHC,162,6219,194,777,67,9.3%,17.3%,0.261,0.336,0.430,0.766
2001,CIN,162,6222,176,735,103,7.5%,18.8%,0.262,0.324,0.419,0.743
2001,COL,162,6394,213,923,132,8.0%,16.1%,0.292,0.354,0.483,0.837
2001,FLA,162,6184,166,742,89,7.6%,18.5%,0.264,0.326,0.423,0.749
2001,HOU,162,6325,208,847,64,9.2%,17.7%,0.271,0.347,0.451,0.798
2001,LAD,162,6169,206,758,89,8.4%,17.2%,0.255,0.323,0.425,0.748
2001,MIL,162,6148,209,740,66,7.9%,22.8%,0.251,0.319,0.426,0.745
2001,MON,162,6026,131,670,101,7.9%,17.8%,0.253,0.319,0.396,0.715
2001,NYM,162,6156,147,642,66,8.9%,17.3%,0.249,0.323,0.387,0.710
2001,PHI,162,6219,164,746,153,8.9%,18.1%,0.260,0.329,0.414,0.743
2001,PIT,162,6027,161,657,93,7.7%,18.4%,0.247,0.313,0.393,0.706
2001,STL,162,6177,199,814,91,8.6%,17.6%,0.270,0.339,0.441,0.780
2001,SDP,162,6278,161,789,129,10.8%,20.3%,0.252,0.336,0.399,0.735
2001,SFG,162,6408,235,799,57,9.8%,17.0%,0.266,0.342,0.460,0.802
2002,ANA,162,6327,152,851,117,7.3%,12.7%,0.282,0.341,0.433,0.774
2002,BAL,162,6096,165,667,110,7.4%,16.3%,0.246,0.309,0.403,0.712
2002,BOS,162,6332,177,859,80,8.6%,14.9%,0.277,0.345,0.444,0.789
2002,CHW,162,6208,217,856,75,8.9%,15.3%,0.268,0.338,0.449,0.787
2002,CLE,162,6099,192,739,52,8.9%,16.4%,0.249,0.321,0.412,0.733
2002,DET,161,5920,124,575,65,6.1%,17.5%,0.248,0.300,0.379,0.679
2002,KCR,162,6206,140,737,140,8.4%,14.8%,0.256,0.323,0.398,0.721
2002,MIN,161,6196,167,768,79,7.6%,17.6%,0.272,0.332,0.437,0.769
2002,NYY,161,6377,223,897,100,10.0%,18.4%,0.275,0.354,0.455,0.809
2002,OAK,162,6291,205,800,46,9.7%,16.0%,0.261,0.339,0.432,0.771
2002,SEA,162,6362,152,814,137,9.9%,15.8%,0.275,0.350,0.419,0.769
2002,TBD,161,6198,133,673,102,7.4%,18.0%,0.253,0.314,0.390,0.704
2002,TEX,162,6332,230,843,62,8.7%,16.7%,0.269,0.338,0.455,0.793
2002,TOR,162,6230,187,813,71,8.4%,18.3%,0.261,0.327,0.430,0.757
2002,ARI,162,6318,165,819,92,10.2%,16.1%,0.267,0.346,0.423,0.769
2002,ATL,161,6224,164,708,76,9.0%,16.5%,0.260,0.331,0.409,0.740
2002,CHC,162,6242,200,706,63,9.4%,20.3%,0.246,0.321,0.413,0.734
2002,CIN,162,6254,169,709,116,9.3%,19.0%,0.253,0.330,0.408,0.738
2002,COL,162,6165,152,778,103,8.1%,16.9%,0.274,0.337,0.423,0.760
2002,FLA,162,6263,146,699,177,9.5%,18.0%,0.261,0.337,0.403,0.740
2002,HOU,162,6252,167,749,71,9.4%,17.9%,0.262,0.338,0.417,0.755
2002,LAD,162,6146,155,713,96,7.0%,15.3%,0.264,0.320,0.409,0.729
2002,MIL,162,6083,139,627,94,8.2%,18.5%,0.253,0.320,0.390,0.710
2002,MON,162,6250,162,735,118,9.2%,17.7%,0.261,0.334,0.418,0.752
2002,NYM,161,6150,160,690,87,7.9%,17.0%,0.256,0.322,0.395,0.717
2002,PHI,161,6323,165,710,104,10.1%,17.3%,0.259,0.339,0.422,0.761
2002,PIT,161,6049,142,641,86,8.9%,18.3%,0.244,0.319,0.381,0.700
2002,STL,162,6246,175,787,86,8.7%,14.8%,0.268,0.338,0.425,0.763
2002,SDP,162,6178,136,662,71,8.9%,17.2%,0.253,0.321,0.381,0.702
2002,SFG,162,6298,198,783,74,9.8%,15.3%,0.267,0.344,0.442,0.786
2003,ANA,162,6119,150,736,129,7.8%,13.7%,0.268,0.330,0.413,0.743
2003,BAL,163,6241,152,743,89,6.9%,14.5%,0.268,0.323,0.405,0.728
2003,BOS,162,6530,238,961,88,9.5%,14.4%,0.289,0.360,0.491,0.851
2003,CHW,162,6148,220,791,77,8.4%,14.9%,0.263,0.331,0.446,0.777
2003,CLE,162,6188,158,699,86,7.5%,17.2%,0.254,0.316,0.401,0.717
2003,DET,162,6071,153,591,98,7.3%,18.1%,0.240,0.300,0.375,0.675
2003,KCR,162,6239,162,836,120,7.6%,14.8%,0.274,0.336,0.427,0.763
2003,MIN,162,6324,155,801,94,8.1%,16.2%,0.277,0.341,0.431,0.772
2003,NYY,163,6431,230,877,98,10.6%,16.2%,0.271,0.356,0.453,0.809
2003,OAK,162,6189,176,768,48,9.0%,14.5%,0.254,0.327,0.417,0.744
2003,SEA,162,6281,139,795,108,9.3%,15.7%,0.271,0.344,0.410,0.754
2003,TBD,162,6212,137,715,142,6.8%,16.6%,0.265,0.320,0.404,0.724
2003,TEX,162,6293,239,826,65,7.8%,16.7%,0.266,0.330,0.454,0.784
2003,TOR,162,6364,190,894,37,8.6%,17.0%,0.279,0.349,0.455,0.804
2003,ARI,162,6261,152,717,76,8.5%,16.1%,0.263,0.330,0.417,0.747
2003,ATL,162,6378,235,907,68,8.5%,14.6%,0.284,0.349,0.475,0.824
2003,CHC,162,6187,172,724,73,8.0%,18.7%,0.259,0.323,0.416,0.739
2003,CIN,162,6211,182,694,80,8.4%,21.3%,0.245,0.318,0.395,0.713
2003,COL,162,6283,198,853,63,9.9%,18.0%,0.267,0.344,0.445,0.789
2003,FLA,162,6186,157,751,150,8.3%,15.8%,0.266,0.333,0.421,0.754
2003,HOU,162,6320,191,805,66,8.8%,16.2%,0.263,0.336,0.431,0.767
2003,LAD,162,6036,124,574,80,6.7%,16.3%,0.243,0.303,0.368,0.671
2003,MIL,162,6270,196,714,99,8.7%,19.5%,0.256,0.329,0.419,0.748
2003,MON,162,6116,144,711,100,8.5%,16.2%,0.258,0.326,0.401,0.727
2003,NYM,161,6007,124,642,70,8.1%,17.2%,0.247,0.314,0.374,0.688
2003,PHI,162,6333,166,791,72,10.3%,18.2%,0.261,0.343,0.419,0.762
2003,PIT,162,6315,163,753,86,8.4%,16.6%,0.267,0.338,0.420,0.758
2003,STL,162,6466,196,876,82,9.0%,14.7%,0.279,0.350,0.454,0.804
2003,SDP,162,6246,128,678,76,9.0%,17.2%,0.261,0.333,0.388,0.721
2003,SFG,161,6204,180,755,53,9.6%,15.8%,0.264,0.338,0.425,0.763
2004,ANA,162,6296,162,836,143,7.1%,15.0%,0.282,0.341,0.429,0.770
2004,BAL,162,6431,169,842,101,8.2%,14.8%,0.281,0.345,0.432,0.777
2004,BOS,162,6515,222,949,68,10.1%,18.3%,0.282,0.360,0.472,0.832
2004,CHW,162,6197,242,865,78,8.1%,16.6%,0.268,0.333,0.457,0.790
2004,CLE,162,6452,184,858,94,9.4%,15.6%,0.276,0.351,0.444,0.795
2004,DET,162,6285,201,827,86,8.2%,18.2%,0.272,0.337,0.449,0.786
2004,KCR,162,6153,150,720,67,7.5%,17.2%,0.259,0.322,0.397,0.719
2004,MIN,162,6286,191,780,116,8.2%,15.6%,0.266,0.332,0.431,0.763
2004,NYY,162,6364,242,897,84,10.5%,15.4%,0.268,0.353,0.458,0.811
2004,OAK,162,6459,189,793,47,9.4%,16.4%,0.270,0.343,0.433,0.776
2004,SEA,162,6362,136,698,110,7.7%,16.6%,0.270,0.331,0.396,0.727
2004,TBD,161,6098,145,714,132,7.7%,15.5%,0.258,0.320,0.405,0.725
2004,TEX,162,6256,227,860,69,8.0%,17.6%,0.266,0.329,0.457,0.786
2004,TOR,161,6178,145,719,58,8.3%,17.5%,0.260,0.328,0.403,0.731
2004,ARI,162,6114,135,615,53,7.2%,16.7%,0.253,0.310,0.393,0.703
2004,ATL,162,6339,178,803,86,9.3%,18.3%,0.270,0.343,0.434,0.777
2004,CHC,162,6281,235,789,66,7.8%,17.2%,0.268,0.328,0.458,0.786
2004,CIN,162,6278,194,750,77,9.5%,21.3%,0.250,0.331,0.418,0.749
2004,COL,162,6333,202,833,44,9.0%,18.6%,0.275,0.345,0.455,0.800
2004,FLA,162,6160,148,718,96,8.1%,15.7%,0.264,0.329,0.406,0.735
2004,HOU,162,6269,187,803,89,9.4%,15.9%,0.267,0.342,0.436,0.778
2004,LAD,162,6244,203,761,102,8.6%,17.5%,0.262,0.332,0.423,0.755
2004,MIL,161,6195,135,634,138,8.7%,21.2%,0.248,0.321,0.387,0.708
2004,MON,162,6138,151,635,109,8.1%,15.1%,0.249,0.313,0.392,0.705
2004,NYM,162,6209,185,684,107,8.2%,18.7%,0.249,0.317,0.409,0.726
2004,PHI,162,6456,215,840,100,10.0%,17.5%,0.267,0.345,0.443,0.788
2004,PIT,161,6115,142,680,63,6.8%,17.4%,0.260,0.321,0.401,0.722
2004,STL,162,6297,214,855,111,8.7%,17.2%,0.278,0.344,0.460,0.804
2004,SDP,162,6313,139,768,52,9.0%,14.4%,0.273,0.342,0.414,0.756
2004,SFG,162,6466,183,850,43,10.9%,13.5%,0.270,0.357,0.438,0.795
2005,LAA,162,6186,147,761,161,7.2%,13.7%,0.270,0.325,0.409,0.734
2005,BAL,162,6134,189,729,83,7.3%,14.7%,0.269,0.327,0.434,0.761
2005,BOS,162,6403,199,910,45,10.2%,16.3%,0.281,0.357,0.454,0.811
2005,CHW,162,6146,200,741,137,7.1%,16.3%,0.262,0.322,0.425,0.747
2005,CLE,162,6255,207,790,62,8.0%,17.5%,0.271,0.334,0.453,0.787
2005,DET,162,6136,168,723,66,6.3%,16.9%,0.272,0.321,0.428,0.749
2005,KCR,162,6086,126,701,53,7.0%,16.6%,0.263,0.320,0.396,0.716
2005,MIN,162,6192,134,688,102,7.8%,15.8%,0.259,0.323,0.391,0.714
2005,NYY,162,6406,229,886,84,9.9%,15.4%,0.276,0.355,0.450,0.805
2005,OAK,162,6275,155,772,31,8.6%,13.1%,0.262,0.330,0.407,0.737
2005,SEA,162,6095,130,699,102,7.6%,16.2%,0.256,0.317,0.391,0.708
2005,TBD,162,6120,157,750,151,6.7%,16.2%,0.274,0.329,0.425,0.754
2005,TEX,162,6301,260,865,67,7.9%,17.6%,0.267,0.329,0.468,0.797
2005,TOR,162,6233,136,775,72,7.8%,15.3%,0.265,0.331,0.407,0.738
2005,ARI,162,6327,191,696,67,9.6%,17.3%,0.256,0.332,0.421,0.753
2005,ATL,162,6186,184,769,92,8.6%,17.5%,0.265,0.333,0.435,0.768
2005,CHC,162,6161,194,703,65,6.8%,14.9%,0.270,0.324,0.440,0.764
2005,CIN,163,6321,222,820,72,9.7%,20.6%,0.261,0.339,0.446,0.785
2005,COL,162,6240,150,741,65,8.2%,17.7%,0.267,0.333,0.411,0.744
2005,FLA,162,6214,128,717,96,8.2%,14.8%,0.272,0.339,0.409,0.748
2005,HOU,163,6139,161,693,115,7.8%,16.9%,0.256,0.322,0.408,0.730
2005,LAD,162,6134,149,685,58,8.8%,17.8%,0.253,0.326,0.395,0.721
2005,MIL,162,6156,175,726,79,8.6%,18.9%,0.259,0.331,0.423,0.754
2005,WSN,162,6142,117,639,45,8.0%,17.7%,0.252,0.322,0.386,0.708
2005,NYM,162,6146,175,722,153,7.9%,17.5%,0.258,0.322,0.416,0.738
2005,PHI,162,6345,167,807,116,10.1%,17.1%,0.270,0.348,0.423,0.771
2005,PIT,162,6221,139,680,73,7.6%,17.6%,0.259,0.322,0.400,0.722
2005,STL,162,6246,170,805,83,8.5%,15.2%,0.270,0.339,0.423,0.762
2005,SDP,162,6271,130,684,99,9.6%,15.6%,0.257,0.333,0.391,0.724
2005,SFG,162,6077,128,649,71,7.1%,14.8%,0.261,0.319,0.396,0.715
2006,LAA,162,6221,159,766,148,7.8%,14.7%,0.274,0.334,0.425,0.759
2006,BAL,162,6240,164,768,121,7.6%,14.1%,0.277,0.339,0.424,0.763
2006,BOS,162,6435,192,820,51,10.4%,16.4%,0.269,0.351,0.435,0.786
2006,CHW,162,6318,236,868,93,7.9%,16.7%,0.280,0.342,0.464,0.806
2006,CLE,162,6303,196,870,55,8.8%,19.1%,0.280,0.349,0.457,0.806
2006,DET,162,6198,203,822,60,6.9%,18.3%,0.274,0.329,0.449,0.778
2006,KCR,162,6229,124,757,65,7.6%,16.7%,0.271,0.332,0.411,0.743
2006,MIN,162,6228,143,801,101,7.9%,14.0%,0.287,0.347,0.425,0.772
2006,NYY,162,6455,210,930,139,10.1%,16.3%,0.285,0.363,0.461,0.824
2006,OAK,162,6281,175,771,61,10.3%,15.5%,0.260,0.340,0.412,0.752
2006,SEA,162,6213,172,756,106,6.5%,15.7%,0.272,0.325,0.424,0.749
2006,TBD,162,6041,190,689,134,7.3%,18.3%,0.255,0.314,0.420,0.734
2006,TEX,162,6273,183,835,53,8.1%,16.9%,0.278,0.338,0.446,0.784
2006,TOR,162,6241,199,809,65,8.2%,14.5%,0.284,0.348,0.463,0.811
2006,ARI,162,6330,160,773,76,8.0%,15.2%,0.267,0.331,0.424,0.755
2006,ATL,162,6284,222,849,52,8.4%,18.6%,0.270,0.337,0.455,0.792
2006,CHC,162,6147,166,716,121,6.4%,15.1%,0.268,0.319,0.422,0.741
2006,CIN,162,6296,217,749,124,9.8%,18.9%,0.257,0.336,0.432,0.768
2006,COL,162,6348,157,813,85,8.8%,17.5%,0.270,0.341,0.433,0.774
2006,FLA,162,6191,182,758,110,8.0%,20.2%,0.264,0.331,0.435,0.766
2006,HOU,162,6326,174,735,79,9.2%,17.0%,0.255,0.332,0.409,0.741
2006,LAD,162,6394,153,820,128,9.4%,15.0%,0.276,0.348,0.432,0.780
2006,MIL,162,6130,180,730,71,8.2%,20.1%,0.258,0.327,0.420,0.747
2006,WSN,162,6283,164,746,123,9.5%,18.4%,0.262,0.338,0.418,0.756
2006,NYM,162,6291,200,834,146,8.7%,17.0%,0.264,0.334,0.445,0.779
2006,PHI,162,6509,216,865,92,9.6%,18.5%,0.267,0.347,0.447,0.794
2006,PIT,162,6218,141,691,68,7.4%,19.3%,0.263,0.327,0.397,0.724
2006,STL,161,6225,184,781,59,8.5%,14.8%,0.269,0.337,0.431,0.768
2006,SDP,162,6287,161,731,123,9.0%,17.6%,0.263,0.332,0.416,0.748
2006,SFG,161,6136,163,746,58,8.1%,14.5%,0.259,0.324,0.422,0.746
2007,LAA,162,6198,123,822,139,8.2%,14.2%,0.284,0.345,0.417,0.762
2007,BAL,162,6264,142,756,144,8.0%,15.0%,0.272,0.333,0.412,0.745
2007,BOS,162,6426,166,867,96,10.7%,16.2%,0.279,0.362,0.444,0.806
2007,CHW,162,6103,190,693,78,8.7%,18.8%,0.246,0.318,0.404,0.722
2007,CLE,162,6367,178,811,72,9.3%,18.9%,0.268,0.343,0.428,0.771
2007,DET,162,6364,177,887,103,7.4%,16.6%,0.287,0.345,0.458,0.803
2007,KCR,162,6140,102,706,78,7.0%,17.4%,0.261,0.322,0.388,0.710
2007,MIN,162,6161,118,718,112,8.3%,13.6%,0.264,0.330,0.391,0.721
2007,NYY,162,6528,201,968,123,9.8%,15.2%,0.290,0.366,0.463,0.829
2007,OAK,162,6365,171,741,52,10.4%,17.6%,0.256,0.338,0.407,0.745
2007,SEA,162,6209,153,794,81,6.3%,13.9%,0.287,0.337,0.425,0.762
2007,TBD,162,6280,187,782,131,8.7%,21.1%,0.268,0.336,0.433,0.769
2007,TEX,162,6214,179,816,88,8.1%,19.7%,0.263,0.328,0.426,0.754
2007,TOR,162,6197,165,753,57,8.6%,16.8%,0.259,0.327,0.419,0.746
2007,ARI,162,6101,171,712,109,8.7%,18.2%,0.250,0.321,0.413,0.734
2007,ATL,162,6374,176,810,64,8.4%,18.0%,0.275,0.339,0.435,0.774
2007,CHC,162,6268,151,752,86,8.0%,16.8%,0.271,0.333,0.422,0.755
2007,CIN,162,6332,204,783,97,8.5%,17.6%,0.267,0.335,0.436,0.771
2007,COL,163,6498,171,860,100,9.6%,17.7%,0.280,0.354,0.437,0.791
2007,FLA,162,6344,201,790,105,8.2%,21.0%,0.267,0.336,0.448,0.784
2007,HOU,162,6324,167,723,65,8.6%,16.5%,0.260,0.330,0.412,0.742
2007,LAD,162,6282,129,735,137,8.1%,13.8%,0.275,0.337,0.406,0.743
2007,MIL,162,6238,231,801,96,8.0%,18.2%,0.262,0.329,0.456,0.785
2007,WSN,162,6201,123,673,69,8.5%,18.2%,0.256,0.325,0.390,0.715
2007,NYM,162,6344,177,804,200,8.7%,15.5%,0.275,0.342,0.432,0.774
2007,PHI,162,6537,213,892,138,9.8%,18.4%,0.274,0.354,0.458,0.812
2007,PIT,162,6214,148,724,68,7.5%,18.3%,0.263,0.325,0.411,0.736
2007,STL,162,6211,141,725,56,8.1%,14.6%,0.274,0.337,0.405,0.742
2007,SDP,163,6326,171,741,55,8.8%,19.4%,0.251,0.322,0.411,0.733
2007,SFG,162,6213,131,683,119,8.6%,14.6%,0.254,0.322,0.387,0.709
2008,LAA,162,6155,159,765,129,7.8%,16.0%,0.268,0.330,0.413,0.743
2008,BAL,161,6211,172,782,81,8.6%,15.9%,0.267,0.333,0.429,0.762
2008,BOS,162,6402,173,845,120,10.1%,16.7%,0.280,0.358,0.447,0.805
2008,CHW,163,6231,235,811,67,8.7%,16.3%,0.263,0.332,0.448,0.780
2008,CLE,162,6299,171,805,77,8.9%,19.3%,0.262,0.339,0.424,0.763
2008,DET,162,6331,200,821,63,9.0%,17.0%,0.271,0.340,0.444,0.784
2008,KCR,162,6118,120,691,79,6.4%,16.4%,0.269,0.320,0.397,0.717
2008,MIN,163,6331,111,829,102,8.4%,15.5%,0.279,0.340,0.408,0.748
2008,NYY,162,6257,180,789,118,8.6%,16.2%,0.271,0.342,0.427,0.769
2008,OAK,161,6138,125,646,88,9.4%,20.0%,0.242,0.318,0.369,0.687
2008,SEA,162,6176,124,671,90,6.8%,14.4%,0.265,0.318,0.389,0.707
2008,TBR,162,6312,180,774,142,9.9%,19.4%,0.260,0.340,0.422,0.762
2008,TEX,162,6478,194,901,81,9.2%,18.6%,0.283,0.354,0.462,0.816
2008,TOR,162,6191,126,714,80,8.4%,15.2%,0.264,0.331,0.399,0.730
2008,ARI,162,6156,159,720,58,9.5%,20.9%,0.251,0.327,0.415,0.742
2008,ATL,162,6368,130,753,58,9.7%,16.1%,0.270,0.345,0.408,0.753
2008,CHC,161,6384,184,855,87,10.0%,18.6%,0.278,0.354,0.443,0.797
2008,CIN,162,6188,187,704,85,9.0%,18.2%,0.247,0.321,0.408,0.729
2008,COL,162,6312,160,747,141,9.0%,19.2%,0.263,0.336,0.415,0.751
2008,FLA,161,6206,208,770,76,8.7%,22.1%,0.254,0.326,0.433,0.759
2008,HOU,161,6051,167,712,114,7.4%,17.4%,0.263,0.323,0.415,0.738
2008,LAD,162,6194,137,700,126,8.8%,16.7%,0.264,0.333,0.399,0.732
2008,MIL,162,6252,198,750,108,8.8%,19.2%,0.253,0.325,0.431,0.756
2008,WSN,161,6192,117,641,81,8.6%,17.7%,0.251,0.323,0.373,0.696
2008,NYM,162,6388,172,799,138,9.7%,16.0%,0.266,0.340,0.420,0.760
2008,PHI,162,6273,214,799,136,9.3%,17.8%,0.255,0.332,0.438,0.770
2008,PIT,162,6278,153,735,57,7.6%,16.5%,0.258,0.320,0.403,0.723
2008,STL,162,6370,174,779,73,9.1%,15.5%,0.281,0.350,0.433,0.783
2008,SDP,162,6244,154,637,36,8.3%,20.2%,0.250,0.317,0.390,0.707
2008,SFG,162,6145,94,640,108,7.4%,17.0%,0.262,0.321,0.382,0.703
2009,LAA,162,6305,173,883,148,8.7%,16.7%,0.285,0.350,0.441,0.791
2009,BAL,162,6233,160,741,76,8.3%,16.3%,0.268,0.332,0.415,0.747
2009,BOS,162,6344,212,872,126,10.4%,17.7%,0.270,0.352,0.454,0.806
2009,CHW,162,6132,184,724,113,8.7%,16.7%,0.258,0.329,0.411,0.740
2009,CLE,162,6320,161,773,84,9.2%,19.2%,0.264,0.339,0.417,0.756
2009,DET,163,6234,183,743,72,8.7%,17.9%,0.260,0.331,0.416,0.747
2009,KCR,162,6103,144,686,88,7.5%,17.9%,0.259,0.318,0.405,0.723
2009,MIN,163,6346,172,817,85,9.2%,16.1%,0.274,0.345,0.429,0.774
2009,NYY,162,6449,244,915,111,10.3%,15.7%,0.283,0.362,0.478,0.840
2009,OAK,162,6247,135,759,133,8.4%,16.7%,0.262,0.328,0.397,0.725
2009,SEA,162,6113,160,640,89,6.9%,17.9%,0.258,0.314,0.402,0.716
2009,TBR,162,6223,199,803,194,10.3%,19.7%,0.263,0.343,0.439,0.782
2009,TEX,162,6127,224,784,149,7.7%,20.5%,0.260,0.320,0.445,0.765
2009,TOR,162,6362,209,798,73,8.6%,16.2%,0.266,0.333,0.440,0.773
2009,ARI,162,6269,173,720,102,9.1%,20.7%,0.253,0.324,0.418,0.742
2009,ATL,162,6335,149,735,58,9.5%,16.8%,0.263,0.339,0.405,0.744
2009,CHC,161,6244,161,707,56,9.5%,19.0%,0.255,0.332,0.407,0.739
2009,CIN,162,6187,158,673,96,8.6%,18.2%,0.247,0.318,0.394,0.712
2009,COL,162,6241,190,804,106,10.6%,20.5%,0.261,0.343,0.441,0.784
2009,FLA,162,6312,159,772,75,9.0%,19.4%,0.268,0.340,0.416,0.756
2009,HOU,162,6040,142,643,113,7.4%,16.4%,0.260,0.319,0.400,0.719
2009,LAD,162,6385,145,780,116,9.5%,16.7%,0.270,0.346,0.412,0.758
2009,MIL,162,6296,182,785,68,9.7%,19.6%,0.263,0.341,0.426,0.767
2009,WSN,162,6273,156,710,73,9.8%,19.3%,0.258,0.337,0.406,0.743
2009,NYM,162,6159,95,671,122,8.5%,15.1%,0.270,0.335,0.394,0.729
2009,PHI,162,6338,224,820,119,9.3%,18.2%,0.258,0.334,0.447,0.781
2009,PIT,161,6058,125,636,90,8.2%,18.9%,0.252,0.318,0.387,0.705
2009,STL,162,6168,160,730,75,8.6%,16.9%,0.263,0.332,0.415,0.747
2009,SDP,162,6179,141,638,82,9.5%,19.1%,0.242,0.321,0.381,0.702
2009,SFG,162,6057,122,657,78,6.5%,19.1%,0.257,0.309,0.389,0.698
2010,LAA,162,6089,155,681,104,7.7%,17.6%,0.248,0.311,0.390,0.701
2010,BAL,162,6109,133,613,76,6.9%,17.3%,0.259,0.316,0.386,0.702
2010,BOS,162,6356,211,818,68,9.2%,17.9%,0.268,0.339,0.451,0.790
2010,CHW,162,6118,177,752,160,7.6%,15.1%,0.268,0.332,0.420,0.752
2010,CLE,162,6165,128,646,91,8.8%,19.2%,0.248,0.322,0.378,0.700
2010,DET,162,6312,152,751,69,8.7%,18.2%,0.268,0.335,0.415,0.750
2010,KCR,162,6209,121,676,115,7.6%,14.6%,0.274,0.331,0.399,0.730
2010,MIN,162,6257,142,781,68,8.9%,15.5%,0.273,0.341,0.422,0.763
2010,NYY,162,6379,201,859,103,10.4%,17.8%,0.267,0.350,0.436,0.786
2010,OAK,162,6117,109,663,156,8.6%,17.3%,0.256,0.324,0.378,0.702
2010,SEA,162,5989,101,513,142,7.7%,19.8%,0.236,0.298,0.339,0.637
2010,TBR,162,6270,160,802,172,10.7%,20.6%,0.247,0.333,0.403,0.736
2010,TEX,162,6302,162,787,123,8.1%,15.6%,0.276,0.338,0.419,0.757
2010,TOR,162,6072,257,755,58,7.8%,19.2%,0.248,0.312,0.454,0.766
2010,ARI,162,6183,180,713,86,9.5%,24.7%,0.250,0.325,0.416,0.741
2010,ATL,162,6252,139,738,63,10.1%,18.2%,0.258,0.339,0.401,0.740
2010,CHC,162,6140,149,685,55,7.8%,20.1%,0.257,0.320,0.401,0.721
2010,CIN,162,6285,188,790,93,8.3%,19.4%,0.272,0.338,0.436,0.774
2010,COL,162,6265,173,770,99,9.3%,20.3%,0.263,0.336,0.425,0.761
2010,FLA,162,6194,152,719,92,8.3%,22.2%,0.254,0.321,0.403,0.724
2010,HOU,162,6005,108,611,100,6.9%,17.1%,0.247,0.303,0.362,0.665
2010,LAD,162,6140,120,667,92,8.7%,19.3%,0.252,0.322,0.379,0.701
2010,MIL,162,6304,182,750,81,8.7%,19.3%,0.262,0.335,0.424,0.759
2010,WSN,162,6100,149,655,110,8.2%,20.0%,0.250,0.318,0.390,0.708
2010,NYM,162,6144,128,656,130,8.2%,17.8%,0.249,0.314,0.383,0.697
2010,PHI,162,6291,166,772,108,8.9%,16.9%,0.260,0.332,0.413,0.745
2010,PIT,162,5974,126,587,87,7.8%,20.2%,0.242,0.304,0.373,0.677
2010,STL,162,6241,150,736,79,8.7%,16.5%,0.263,0.332,0.402,0.734
2010,SDP,162,6148,132,665,124,8.8%,19.2%,0.246,0.317,0.371,0.688
2010,SFG,162,6143,162,697,55,7.9%,17.9%,0.257,0.321,0.408,0.729
2011,LAA,162,6088,155,667,135,7.3%,17.8%,0.253,0.313,0.402,0.715
2011,BAL,162,6156,191,708,81,7.3%,18.2%,0.257,0.316,0.413,0.729
2011,BOS,162,6414,203,875,102,9.0%,17.3%,0.280,0.349,0.461,0.810
2011,CHW,162,6159,154,654,81,7.7%,16.1%,0.252,0.319,0.388,0.707
2011,CLE,162,6142,154,704,89,8.0%,20.7%,0.250,0.317,0.396,0.713
2011,DET,162,6231,169,787,49,8.4%,18.3%,0.277,0.340,0.434,0.774
2011,KCR,162,6267,129,730,153,7.1%,16.1%,0.275,0.329,0.415,0.744
2011,MIN,162,6020,103,619,92,7.3%,17.4%,0.247,0.306,0.360,0.666
2011,NYY,162,6306,222,867,147,9.9%,18.0%,0.263,0.343,0.444,0.787
2011,OAK,162,6104,114,645,117,8.3%,17.9%,0.244,0.311,0.369,0.680
2011,SEA,162,5972,109,556,125,7.3%,21.4%,0.233,0.292,0.348,0.640
2011,TBR,162,6152,172,707,155,9.3%,19.4%,0.244,0.322,0.402,0.724
2011,TEX,162,6261,210,855,143,7.6%,14.9%,0.283,0.340,0.460,0.800
2011,TOR,162,6210,186,743,131,8.5%,19.1%,0.249,0.317,0.413,0.730
2011,ARI,162,6096,172,731,133,8.7%,20.5%,0.250,0.322,0.413,0.735
2011,ATL,162,6169,173,641,77,8.2%,20.4%,0.243,0.308,0.387,0.695
2011,CHC,162,6130,148,654,69,6.9%,19.6%,0.256,0.314,0.401,0.715
2011,CIN,162,6329,183,735,97,8.5%,19.8%,0.256,0.326,0.408,0.734
2011,COL,162,6275,163,735,118,8.8%,19.1%,0.258,0.329,0.410,0.739
2011,FLA,162,6232,149,625,95,8.7%,20.0%,0.247,0.318,0.388,0.706
2011,HOU,162,6150,95,615,118,6.5%,18.9%,0.258,0.311,0.374,0.685
2011,LAD,161,6094,117,644,126,8.2%,17.8%,0.257,0.322,0.375,0.697
2011,MIL,162,6113,185,721,94,7.9%,17.7%,0.261,0.325,0.425,0.750
2011,WSN,161,6090,154,624,106,7.7%,21.7%,0.242,0.309,0.383,0.692
2011,NYM,162,6335,108,718,130,9.0%,17.1%,0.264,0.335,0.391,0.726
2011,PHI,162,6279,153,713,96,8.6%,16.3%,0.253,0.323,0.395,0.718
2011,PIT,162,6064,107,610,108,8.1%,21.6%,0.244,0.309,0.368,0.677
2011,STL,162,6242,162,762,57,8.7%,15.7%,0.273,0.341,0.425,0.766
2011,SDP,162,6074,91,593,170,8.2%,21.7%,0.237,0.305,0.349,0.654
2011,SFG,162,6091,121,570,85,7.4%,18.4%,0.242,0.303,0.368,0.671
2012,LAA,162,6121,187,767,134,7.3%,18.2%,0.274,0.332,0.433,0.765
2012,BAL,162,6160,214,712,58,7.8%,21.3%,0.247,0.311,0.417,0.728
2012,BOS,162,6166,165,734,97,6.9%,19.4%,0.260,0.315,0.415,0.730
2012,CHW,162,6111,211,748,109,7.5%,19.7%,0.255,0.318,0.422,0.740
2012,CLE,162,6195,136,667,110,9.0%,17.5%,0.251,0.324,0.381,0.705
2012,DET,162,6119,163,726,59,8.4%,18.0%,0.268,0.335,0.422,0.757
2012,KCR,162,6149,131,676,132,6.6%,16.8%,0.265,0.317,0.400,0.717
2012,MIN,162,6209,131,701,135,8.1%,17.2%,0.260,0.325,0.390,0.715
2012,NYY,162,6231,245,804,93,9.1%,18.9%,0.265,0.337,0.453,0.790
2012,OAK,162,6183,195,713,122,8.9%,22.4%,0.238,0.310,0.404,0.714
2012,SEA,162,6057,149,619,104,7.7%,20.8%,0.234,0.296,0.369,0.665
2012,TBR,162,6105,175,697,134,9.4%,21.7%,0.240,0.317,0.394,0.711
2012,TEX,162,6216,200,808,91,7.7%,17.7%,0.273,0.334,0.446,0.780
2012,TOR,162,6094,198,716,123,7.8%,20.5%,0.245,0.309,0.407,0.716
2012,ARI,162,6150,165,734,93,8.8%,20.6%,0.259,0.328,0.418,0.746
2012,ATL,162,6126,149,700,101,9.3%,21.0%,0.247,0.320,0.389,0.709
2012,CHC,162,5967,137,613,94,7.5%,20.7%,0.240,0.302,0.378,0.680
2012,CIN,162,6115,172,669,87,7.9%,20.7%,0.251,0.315,0.411,0.726
2012,COL,162,6183,166,758,100,7.3%,19.6%,0.274,0.330,0.436,0.766
2012,MIA,162,6057,137,609,149,8.0%,20.3%,0.244,0.308,0.382,0.690
2012,HOU,162,6014,146,583,105,7.7%,22.7%,0.236,0.302,0.371,0.673
2012,LAD,162,6091,116,637,104,7.9%,19.0%,0.252,0.317,0.374,0.691
2012,MIL,162,6224,202,776,158,7.5%,19.9%,0.259,0.325,0.437,0.762
2012,WSN,162,6221,194,731,105,7.7%,21.3%,0.261,0.322,0.428,0.750
2012,NYM,162,6091,139,650,79,8.3%,20.5%,0.249,0.316,0.386,0.702
2012,PHI,162,6172,158,684,116,7.4%,17.7%,0.255,0.317,0.400,0.717
2012,PIT,162,6014,170,651,73,7.4%,22.5%,0.243,0.304,0.395,0.699
2012,STL,162,6326,159,765,91,8.4%,18.8%,0.271,0.338,0.421,0.759
2012,SDP,162,6112,121,651,155,8.8%,20.3%,0.247,0.319,0.380,0.699
2012,SFG,162,6200,103,718,118,7.8%,17.7%,0.269,0.327,0.397,0.724
2013,LAA,162,6260,164,733,82,8.4%,19.5%,0.264,0.329,0.414,0.743
2013,BAL,162,6144,212,745,79,6.8%,18.3%,0.260,0.313,0.431,0.744
2013,BOS,162,6382,178,853,123,9.1%,20.5%,0.277,0.349,0.446,0.795
2013,CHW,162,6077,148,598,105,6.8%,19.9%,0.249,0.302,0.378,0.680
2013,CLE,162,6165,171,745,117,9.1%,20.8%,0.255,0.327,0.410,0.737
2013,DET,162,6388,176,796,35,8.3%,16.8%,0.283,0.346,0.434,0.780
2013,KCR,162,6093,112,648,153,6.9%,17.2%,0.260,0.315,0.379,0.694
2013,MIN,162,6212,151,614,52,8.6%,23.0%,0.242,0.312,0.380,0.692
2013,NYY,162,6044,144,650,115,7.7%,20.1%,0.242,0.307,0.376,0.683
2013,OAK,162,6209,186,767,74,9.2%,19.0%,0.254,0.327,0.419,0.746
2013,SEA,162,6172,188,624,49,8.6%,21.9%,0.237,0.306,0.390,0.696
2013,TBR,163,6242,165,700,73,9.4%,18.8%,0.257,0.329,0.408,0.737
2013,TEX,163,6196,176,730,149,7.5%,17.2%,0.262,0.323,0.412,0.735
2013,TOR,162,6152,185,712,112,8.3%,18.3%,0.252,0.318,0.411,0.729
2013,ARI,162,6334,130,685,62,8.2%,18.0%,0.259,0.323,0.391,0.714
2013,ATL,162,6133,181,688,64,8.8%,22.6%,0.249,0.321,0.402,0.723
2013,CHC,162,6079,172,602,63,7.2%,20.2%,0.238,0.300,0.392,0.692
2013,CIN,162,6293,155,698,67,9.3%,19.8%,0.249,0.327,0.391,0.718
2013,COL,162,6152,159,706,112,6.9%,19.6%,0.270,0.323,0.418,0.741
2013,MIA,162,6021,95,513,78,7.2%,20.5%,0.231,0.293,0.335,0.628
2013,HOU,162,6020,148,610,110,7.1%,25.5%,0.240,0.299,0.375,0.674
2013,LAD,162,6145,138,649,78,7.7%,18.6%,0.264,0.326,0.396,0.722
2013,MIL,162,6064,157,640,142,6.7%,19.5%,0.252,0.311,0.398,0.709
2013,WSN,162,6047,161,656,88,7.7%,19.7%,0.251,0.313,0.398,0.711
2013,NYM,162,6207,130,619,114,8.2%,22.3%,0.237,0.306,0.366,0.672
2013,PHI,162,6014,140,610,73,6.9%,20.0%,0.248,0.306,0.384,0.690
2013,PIT,162,6135,161,634,94,7.6%,21.7%,0.245,0.313,0.396,0.709
2013,STL,162,6202,125,783,45,7.8%,17.9%,0.269,0.332,0.401,0.733
2013,SDP,162,6122,146,618,118,7.6%,21.4%,0.245,0.308,0.378,0.686
2013,SFG,162,6168,107,629,67,7.6%,17.5%,0.260,0.320,0.381,0.701
2014,LAA,162,6284,155,773,81,7.8%,20.1%,0.259,0.322,0.406,0.728
2014,BAL,162,6130,211,705,44,6.5%,21.0%,0.256,0.311,0.422,0.733
2014,BOS,162,6226,123,634,63,8.6%,21.5%,0.244,0.316,0.369,0.685
2014,CHW,162,6077,155,660,85,6.9%,22.4%,0.253,0.310,0.398,0.708
2014,CLE,162,6222,142,669,104,8.1%,19.1%,0.253,0.317,0.389,0.706
2014,DET,162,6202,155,757,106,7.1%,18.4%,0.277,0.331,0.426,0.757
2014,KCR,162,6058,95,651,153,6.3%,16.3%,0.263,0.314,0.376,0.690
2014,MIN,162,6233,128,715,99,8.7%,21.3%,0.254,0.324,0.389,0.713
2014,NYY,162,6082,147,633,112,7.4%,18.6%,0.245,0.307,0.380,0.687
2014,OAK,162,6245,146,729,83,9.4%,17.7%,0.244,0.320,0.381,0.701
2014,SEA,162,5977,136,634,96,6.6%,20.6%,0.244,0.300,0.376,0.676
2014,TBR,162,6205,117,612,63,8.5%,18.1%,0.247,0.317,0.367,0.684
2014,TEX,162,6026,111,637,105,6.9%,19.3%,0.256,0.314,0.375,0.689
2014,TOR,162,6167,177,723,78,8.1%,18.7%,0.259,0.323,0.414,0.737
2014,ARI,162,6089,118,615,86,6.5%,19.1%,0.248,0.302,0.376,0.678
2014,ATL,162,6064,123,573,95,7.8%,22.6%,0.241,0.305,0.360,0.665
2014,CHC,162,6102,157,614,65,7.2%,24.2%,0.239,0.300,0.385,0.685
2014,CIN,162,5978,131,595,122,6.9%,20.9%,0.238,0.296,0.365,0.661
2014,COL,162,6164,186,755,85,6.4%,20.8%,0.276,0.327,0.445,0.772
2014,MIA,162,6185,122,645,58,8.1%,22.9%,0.253,0.317,0.378,0.695
2014,HOU,162,6055,163,629,122,8.2%,23.8%,0.242,0.309,0.383,0.692
2014,LAD,162,6231,134,718,138,8.3%,20.0%,0.265,0.333,0.406,0.739
2014,MIL,162,6065,150,650,102,7.0%,19.7%,0.250,0.311,0.397,0.708
2014,WSN,162,6216,152,686,101,8.3%,21.0%,0.253,0.321,0.393,0.714
2014,NYM,162,6145,125,629,101,8.4%,20.6%,0.239,0.308,0.364,0.672
2014,PHI,162,6198,125,619,109,7.1%,21.1%,0.242,0.302,0.363,0.665
2014,PIT,162,6224,156,682,104,8.4%,20.0%,0.259,0.330,0.404,0.734
2014,STL,162,6086,105,619,57,7.7%,18.6%,0.253,0.320,0.369,0.689
2014,SDP,162,5905,109,535,91,7.9%,21.9%,0.226,0.292,0.342,0.634
2014,SFG,162,6087,132,665,56,7.0%,20.5%,0.255,0.311,0.388,0.699
2015,LAA,162,5990,176,661,52,7.3%,19.2%,0.246,0.307,0.396,0.703
2015,BAL,162,6007,217,713,44,7.0%,22.2%,0.250,0.307,0.421,0.728
2015,BOS,162,6237,161,748,71,7.7%,18.4%,0.265,0.325,0.415,0.740
2015,CHW,162,6070,136,622,68,6.7%,20.3%,0.250,0.306,0.380,0.686
2015,CLE,161,6109,141,669,86,8.7%,18.9%,0.256,0.325,0.401,0.726
2015,DET,161,6159,151,689,83,7.4%,20.4%,0.270,0.328,0.420,0.748
2015,KCR,162,6116,139,724,104,6.3%,15.9%,0.269,0.322,0.412,0.734
2015,MIN,162,6017,156,696,70,7.3%,21.0%,0.247,0.305,0.399,0.704
2015,NYY,162,6268,212,764,63,8.8%,19.6%,0.251,0.323,0.421,0.744
2015,OAK,162,6171,146,694,78,7.7%,18.1%,0.251,0.312,0.395,0.707
2015,SEA,162,6131,198,656,69,7.8%,21.8%,0.249,0.311,0.411,0.722
2015,TBR,162,6071,167,644,87,7.2%,21.6%,0.252,0.314,0.406,0.720
2015,TEX,162,6187,172,751,101,8.1%,19.9%,0.257,0.325,0.413,0.738
2015,TOR,162,6231,232,891,88,9.1%,18.5%,0.269,0.340,0.457,0.797
2015,ARI,162,6276,154,720,132,7.8%,20.9%,0.264,0.324,0.414,0.738
2015,ATL,162,6034,100,573,69,7.8%,18.3%,0.251,0.314,0.359,0.673
2015,CHC,162,6200,171,689,95,9.1%,24.5%,0.244,0.321,0.398,0.719
2015,CIN,162,6196,167,640,134,8.0%,20.3%,0.248,0.312,0.394,0.706
2015,COL,162,6071,186,737,97,6.4%,21.1%,0.265,0.315,0.432,0.747
2015,MIA,162,5988,120,613,112,6.3%,19.2%,0.260,0.310,0.384,0.694
2015,HOU,162,6073,230,729,121,8.0%,22.9%,0.250,0.315,0.437,0.752
2015,LAD,162,6090,187,667,59,9.2%,20.7%,0.250,0.326,0.413,0.739
2015,MIL,162,6024,145,655,84,6.8%,21.6%,0.251,0.307,0.393,0.700
2015,WSN,162,6117,177,703,57,8.8%,22.0%,0.251,0.321,0.403,0.724
2015,NYM,162,6145,177,683,51,7.9%,21.0%,0.244,0.312,0.400,0.712
2015,PHI,162,6053,130,626,88,6.4%,21.0%,0.249,0.303,0.382,0.685
2015,PIT,162,6285,140,697,98,7.3%,21.0%,0.260,0.323,0.396,0.719
2015,STL,162,6139,137,647,69,8.2%,20.6%,0.253,0.321,0.394,0.715
2015,SDP,162,6019,148,650,82,7.1%,22.0%,0.243,0.300,0.385,0.685
2015,SFG,162,6153,136,696,93,7.4%,18.8%,0.267,0.326,0.406,0.732
2016,LAA,162,6041,156,717,73,7.8%,16.4%,0.260,0.322,0.405,0.727
2016,BAL,162,6089,253,744,19,7.7%,21.7%,0.256,0.317,0.443,0.760
2016,BOS,162,6320,208,878,83,8.8%,18.4%,0.282,0.348,0.461,0.809
2016,CHW,162,6131,168,686,77,7.4%,21.0%,0.257,0.317,0.410,0.727
2016,CLE,161,6155,185,777,134,8.6%,20.2%,0.262,0.329,0.430,0.759
2016,DET,161,6127,211,750,58,8.0%,21.3%,0.267,0.331,0.438,0.769
2016,KCR,162,6052,147,675,121,6.3%,20.2%,0.261,0.312,0.400,0.712
2016,MIN,162,6245,200,722,91,8.2%,22.8%,0.251,0.316,0.421,0.737
2016,NYY,162,6058,183,680,72,7.8%,19.6%,0.252,0.314,0.405,0.719
2016,OAK,162,6022,169,653,50,7.3%,19.0%,0.246,0.304,0.395,0.699
2016,SEA,162,6227,223,768,56,8.1%,20.7%,0.259,0.326,0.430,0.756
2016,TBR,162,6046,216,672,60,7.4%,24.5%,0.243,0.307,0.426,0.733
2016,TEX,162,6089,215,765,99,7.2%,20.0%,0.262,0.322,0.433,0.755
2016,TOR,162,6233,221,759,54,10.1%,21.9%,0.248,0.330,0.426,0.756
2016,ARI,162,6260,190,752,137,7.4%,22.8%,0.261,0.320,0.432,0.752
2016,ATL,161,6192,122,649,75,8.1%,20.0%,0.255,0.321,0.384,0.705
2016,CHC,162,6335,199,808,66,10.4%,21.1%,0.256,0.343,0.429,0.772
2016,CIN,162,6094,164,716,139,7.4%,21.1%,0.256,0.316,0.408,0.724
2016,COL,162,6236,204,845,66,7.9%,21.3%,0.275,0.336,0.457,0.793
2016,MIA,161,6133,128,655,71,7.3%,19.8%,0.263,0.322,0.394,0.716
2016,HOU,162,6204,198,724,102,8.9%,23.4%,0.247,0.319,0.417,0.736
2016,LAD,162,6164,189,725,45,8.5%,21.4%,0.249,0.319,0.409,0.728
2016,MIL,162,6061,194,671,181,9.9%,25.5%,0.244,0.322,0.407,0.729
2016,WSN,162,6201,203,763,121,8.6%,20.2%,0.256,0.326,0.426,0.752
2016,NYM,162,6115,218,671,42,8.5%,21.3%,0.246,0.316,0.417,0.733
2016,PHI,162,5992,161,610,96,7.1%,23.0%,0.240,0.301,0.385,0.686
2016,PIT,162,6261,153,729,110,9.0%,21.3%,0.257,0.332,0.402,0.734
2016,STL,162,6223,225,779,35,8.5%,21.2%,0.255,0.325,0.443,0.768
2016,SDP,162,6000,177,686,125,7.5%,25.0%,0.235,0.299,0.390,0.689
2016,SFG,162,6271,130,715,79,9.1%,17.7%,0.258,0.329,0.398,0.727
2017,LAA,162,6073,186,710,136,8.6%,19.7%,0.243,0.315,0.397,0.712
2017,BAL,162,6140,232,743,32,6.4%,23.0%,0.260,0.312,0.435,0.747
2017,BOS,162,6338,168,785,106,9.0%,19.3%,0.258,0.329,0.407,0.736
2017,CHW,162,6059,186,706,71,6.6%,23.1%,0.256,0.314,0.417,0.731
2017,CLE,162,6234,212,818,88,9.7%,18.5%,0.263,0.339,0.449,0.788
2017,DET,162,6150,187,735,65,8.2%,21.3%,0.258,0.324,0.424,0.748
2017,KCR,162,6027,193,702,91,6.5%,19.3%,0.259,0.311,0.420,0.731
2017,MIN,162,6261,206,815,95,9.5%,21.4%,0.260,0.334,0.434,0.768
2017,NYY,162,6354,241,858,90,9.7%,21.8%,0.262,0.339,0.447,0.786
2017,OAK,162,6126,234,739,57,9.2%,24.3%,0.246,0.319,0.436,0.755
2017,SEA,162,6166,200,750,89,7.9%,20.5%,0.259,0.325,0.424,0.749
2017,TBR,162,6147,228,694,88,8.9%,25.0%,0.245,0.317,0.422,0.739
2017,TEX,162,6122,237,799,113,8.9%,24.4%,0.244,0.320,0.430,0.750
2017,TOR,162,6154,222,693,53,8.8%,21.6%,0.240,0.312,0.412,0.724
2017,ARI,162,6224,220,812,103,9.3%,23.4%,0.254,0.329,0.445,0.774
2017,ATL,162,6216,165,732,77,7.6%,19.0%,0.263,0.326,0.412,0.738
2017,CHC,162,6283,223,822,62,9.9%,22.3%,0.255,0.338,0.437,0.775
2017,CIN,162,6213,219,753,120,9.1%,21.4%,0.253,0.329,0.433,0.762
2017,COL,162,6201,192,824,59,8.4%,22.7%,0.273,0.338,0.444,0.782
2017,MIA,162,6248,194,778,91,7.8%,20.5%,0.267,0.331,0.431,0.762
2017,HOU,162,6271,238,896,98,8.1%,17.3%,0.282,0.346,0.478,0.824
2017,LAD,162,6191,221,770,77,10.5%,22.3%,0.249,0.334,0.437,0.771
2017,MIL,162,6135,224,732,128,8.9%,25.6%,0.249,0.322,0.429,0.751
2017,WSN,162,6214,215,819,108,8.7%,21.4%,0.266,0.332,0.449,0.781
2017,NYM,162,6169,224,735,58,8.6%,20.9%,0.250,0.320,0.434,0.754
2017,PHI,162,6133,174,690,59,8.1%,23.1%,0.250,0.315,0.409,0.724
2017,PIT,162,6136,151,668,67,8.5%,19.8%,0.244,0.318,0.386,0.704
2017,STL,162,6219,196,761,81,9.5%,21.7%,0.256,0.334,0.426,0.760
2017,SDP,162,5954,189,604,89,7.7%,25.2%,0.234,0.299,0.393,0.692
2017,SFG,162,6137,128,639,76,7.6%,19.6%,0.249,0.309,0.380,0.689
2018,LAA,162,6108,214,721,89,8.4%,21.3%,0.242,0.313,0.413,0.726
2018,BAL,162,6034,188,622,81,7.0%,23.4%,0.239,0.298,0.391,0.689
2018,BOS,162,6302,208,876,125,9.0%,19.9%,0.268,0.339,0.453,0.792
2018,CHW,162,6071,182,656,98,7.0%,26.3%,0.241,0.302,0.401,0.703
2018,CLE,162,6300,216,818,135,8.8%,18.9%,0.259,0.332,0.434,0.766
2018,DET,162,6029,135,630,70,7.1%,22.2%,0.241,0.300,0.380,0.680
2018,KCR,162,6063,155,638,117,7.0%,21.6%,0.245,0.305,0.392,0.697
2018,MIN,162,6154,166,738,47,8.7%,21.6%,0.250,0.318,0.405,0.723
2018,NYY,162,6271,267,851,63,10.0%,22.7%,0.249,0.329,0.451,0.780
2018,OAK,162,6255,227,813,35,8.8%,22.1%,0.252,0.325,0.439,0.764
2018,SEA,162,6087,176,677,79,7.1%,20.1%,0.254,0.314,0.408,0.722
2018,TBR,162,6195,150,716,128,8.7%,22.4%,0.258,0.333,0.406,0.739
2018,TEX,162,6163,194,737,74,9.0%,24.1%,0.240,0.318,0.404,0.722
2018,TOR,162,6076,217,709,47,8.2%,22.8%,0.244,0.312,0.427,0.739
2018,ARI,162,6157,176,693,79,9.1%,23.7%,0.235,0.310,0.397,0.707
2018,ATL,162,6251,175,759,90,8.2%,20.6%,0.257,0.324,0.417,0.741
2018,CHC,163,6369,167,761,66,9.0%,21.8%,0.258,0.333,0.410,0.743
2018,CIN,162,6240,172,696,77,9.0%,22.1%,0.254,0.328,0.401,0.729
2018,COL,163,6178,210,780,95,8.2%,22.6%,0.256,0.322,0.435,0.757
2018,MIA,161,6083,128,589,45,7.5%,22.8%,0.237,0.303,0.357,0.660
2018,HOU,162,6146,205,797,71,9.2%,19.5%,0.255,0.329,0.425,0.754
2018,LAD,163,6358,235,804,75,10.2%,22.6%,0.250,0.333,0.442,0.775
2018,MIL,163,6210,218,754,124,8.6%,23.5%,0.252,0.323,0.424,0.747
2018,WSN,162,6288,191,771,119,10.0%,20.5%,0.254,0.335,0.419,0.754
2018,NYM,162,6177,170,676,71,9.2%,22.7%,0.234,0.312,0.389,0.701
2018,PHI,162,6136,186,677,69,9.5%,24.8%,0.234,0.314,0.393,0.707
2018,PIT,161,6066,157,692,70,7.8%,20.3%,0.254,0.317,0.407,0.724
2018,STL,162,6200,205,759,63,8.5%,22.3%,0.249,0.321,0.409,0.730
2018,SDP,162,6059,162,617,95,7.8%,25.1%,0.235,0.297,0.380,0.677
2018,SFG,162,6113,133,603,77,7.3%,24.0%,0.239,0.300,0.368,0.668
2019,LAA,162,6251,220,769,65,9.4%,20.4%,0.247,0.324,0.422,0.746
2019,BAL,162,6189,213,729,84,7.5%,23.2%,0.246,0.310,0.415,0.725
2019,BOS,162,6475,245,901,68,9.1%,21.3%,0.269,0.340,0.466,0.806
2019,CHW,161,6042,182,708,63,6.3%,25.6%,0.261,0.314,0.414,0.728
2019,CLE,162,6124,223,769,103,9.2%,21.8%,0.250,0.323,0.432,0.755
2019,DET,161,6039,149,582,57,6.5%,26.4%,0.240,0.294,0.388,0.682
2019,KCR,162,6080,162,691,117,7.5%,23.1%,0.247,0.309,0.401,0.710
2019,MIN,162,6392,307,939,28,8.2%,20.9%,0.270,0.338,0.494,0.832
2019,NYY,162,6245,306,943,55,9.1%,23.0%,0.267,0.339,0.490,0.829
2019,OAK,162,6269,257,845,49,9.2%,21.3%,0.249,0.327,0.448,0.775
2019,SEA,162,6199,239,758,115,9.5%,25.5%,0.237,0.316,0.424,0.740
2019,TBR,162,6285,217,769,94,8.6%,23.8%,0.254,0.325,0.431,0.756
2019,TEX,162,6204,223,810,131,8.6%,25.4%,0.248,0.319,0.431,0.750
2019,TOR,162,6091,247,726,51,8.4%,24.9%,0.236,0.305,0.428,0.733
2019,ARI,162,6315,220,813,88,8.6%,21.5%,0.252,0.323,0.434,0.757
2019,ATL,162,6302,249,855,89,9.8%,23.3%,0.258,0.336,0.452,0.788
2019,CHC,162,6195,256,814,45,9.4%,23.6%,0.252,0.331,0.452,0.783
2019,CIN,162,6100,227,701,80,8.1%,23.5%,0.244,0.315,0.422,0.737
2019,COL,162,6288,224,835,71,7.8%,23.9%,0.265,0.326,0.456,0.782
2019,MIA,162,6045,146,615,55,6.5%,24.3%,0.241,0.298,0.375,0.673
2019,HOU,162,6394,288,920,67,10.1%,18.2%,0.274,0.352,0.495,0.847
2019,LAD,162,6281,279,886,57,9.7%,21.6%,0.257,0.338,0.472,0.810
2019,MIL,162,6309,250,769,101,10.0%,24.8%,0.246,0.329,0.438,0.767
2019,WSN,162,6267,231,873,116,9.3%,20.9%,0.265,0.342,0.454,0.796
2019,NYM,162,6290,242,791,56,8.2%,22.0%,0.257,0.328,0.442,0.770
2019,PHI,162,6261,215,774,78,9.0%,23.2%,0.246,0.319,0.427,0.746
2019,PIT,162,6228,163,758,64,6.8%,19.5%,0.265,0.321,0.420,0.741
2019,STL,162,6167,210,764,116,9.1%,23.0%,0.245,0.322,0.415,0.737
2019,SDP,162,6019,219,682,70,8.4%,26.3%,0.238,0.308,0.410,0.718
2019,SFG,162,6170,167,678,47,7.7%,23.3%,0.239,0.302,0.392,0.694
2020,LAA,60,2308,85,294,21,10.4%,21.2%,0.248,0.332,0.430,0.762
2020,BAL,60,2242,77,274,19,7.3%,22.9%,0.258,0.321,0.429,0.750
2020,BOS,60,2304,81,292,31,8.1%,23.7%,0.265,0.330,0.445,0.775
2020,CHW,60,2267,96,306,20,7.9%,25.2%,0.261,0.326,0.453,0.779
2020,CLE,60,2247,59,248,25,10.6%,23.0%,0.228,0.317,0.372,0.689
2020,DET,58,2076,62,249,19,7.1%,27.3%,0.245,0.303,0.397,0.700
2020,KCR,60,2200,68,248,49,7.8%,24.0%,0.244,0.309,0.402,0.711
2020,MIN,60,2168,91,269,14,8.6%,24.4%,0.242,0.315,0.427,0.742
2020,NYY,60,2210,94,315,27,11.4%,21.7%,0.247,0.342,0.447,0.789
2020,OAK,60,2201,71,274,26,10.8%,23.8%,0.225,0.322,0.396,0.718
2020,SEA,60,2181,60,254,50,9.5%,25.0%,0.226,0.309,0.370,0.679
2020,TBR,60,2261,80,289,48,10.7%,26.9%,0.238,0.328,0.425,0.753
2020,TEX,60,2147,62,224,49,7.8%,25.5%,0.217,0.285,0.364,0.649
2020,TOR,60,2263,88,302,33,9.0%,22.4%,0.255,0.325,0.441,0.766
2020,ARI,60,2238,58,269,23,8.1%,20.6%,0.241,0.312,0.391,0.703
2020,ATL,60,2344,103,348,23,10.2%,24.4%,0.268,0.349,0.483,0.832
2020,CHC,60,2214,74,265,24,10.3%,25.7%,0.220,0.318,0.387,0.705
2020,CIN,60,2123,90,243,29,11.3%,25.2%,0.212,0.312,0.403,0.715
2020,COL,60,2257,63,275,42,7.1%,24.1%,0.257,0.311,0.405,0.716
2020,MIA,60,2167,60,263,51,8.8%,24.8%,0.244,0.319,0.384,0.703
2020,HOU,60,2229,69,279,22,8.6%,19.7%,0.240,0.312,0.408,0.720
2020,LAD,60,2316,118,349,29,9.8%,20.3%,0.256,0.338,0.483,0.821
2020,MIL,60,2188,75,247,15,10.1%,26.6%,0.223,0.313,0.389,0.702
2020,WSN,60,2218,66,293,33,8.7%,20.3%,0.264,0.336,0.433,0.769
2020,NYM,60,2279,86,286,20,8.6%,21.9%,0.272,0.348,0.459,0.807
2020,PHI,60,2223,82,306,35,10.3%,21.6%,0.257,0.342,0.439,0.781
2020,PIT,60,2134,59,219,16,7.8%,24.4%,0.220,0.284,0.357,0.641
2020,STL,58,2011,51,240,18,10.2%,23.7%,0.234,0.323,0.371,0.694
2020,SDP,60,2231,95,325,55,9.1%,21.5%,0.257,0.333,0.466,0.799
2020,SFG,60,2259,81,299,19,8.6%,22.1%,0.263,0.335,0.451,0.786
2021,LAA,162,6016,190,723,79,7.7%,23.2%,0.245,0.310,0.407,0.717
2021,BAL,162,5983,195,659,54,7.5%,24.3%,0.239,0.304,0.402,0.706
2021,BOS,162,6122,219,829,40,8.4%,22.6%,0.261,0.328,0.449,0.777
2021,CHW,162,6084,190,796,57,9.6%,22.8%,0.256,0.336,0.422,0.758
2021,CLE,162,5907,203,717,109,7.7%,23.5%,0.238,0.303,0.407,0.710
2021,DET,162,5979,179,697,88,8.2%,25.3%,0.242,0.308,0.399,0.707
2021,KCR,162,5993,163,686,124,7.0%,21.0%,0.249,0.306,0.396,0.702
2021,MIN,162,6078,228,729,54,8.6%,23.1%,0.241,0.314,0.423,0.737
2021,NYY,162,6060,222,711,63,10.2%,24.5%,0.237,0.322,0.407,0.729
2021,OAK,162,6104,199,743,88,8.9%,22.1%,0.238,0.317,0.406,0.723
2021,SEA,162,6010,199,697,64,8.9%,24.8%,0.226,0.303,0.385,0.688
2021,TBR,162,6213,222,857,88,9.4%,24.8%,0.243,0.321,0.429,0.750
2021,TEX,162,5943,167,625,106,7.3%,23.2%,0.232,0.294,0.375,0.669
2021,TOR,162,6070,262,846,81,8.2%,20.1%,0.266,0.330,0.466,0.796
2021,ARI,162,6144,144,679,43,8.7%,23.8%,0.236,0.309,0.382,0.691
2021,ATL,161,6056,239,790,59,9.1%,24.0%,0.244,0.319,0.435,0.754
2021,CHC,162,5972,210,705,86,8.4%,26.7%,0.237,0.312,0.407,0.719
2021,CIN,162,6162,222,786,36,9.0%,23.1%,0.249,0.328,0.431,0.759
2021,COL,161,6007,182,739,76,8.2%,22.6%,0.249,0.317,0.414,0.731
2021,MIA,162,5928,158,623,106,7.6%,26.2%,0.233,0.298,0.372,0.670
2021,HOU,162,6291,221,863,53,9.0%,19.4%,0.267,0.339,0.444,0.783
2021,LAD,162,6239,237,830,65,9.8%,22.6%,0.244,0.330,0.429,0.759
2021,MIL,162,6099,194,738,82,9.6%,24.0%,0.233,0.317,0.396,0.713
2021,WSN,162,6113,182,724,56,9.4%,21.3%,0.258,0.337,0.417,0.754
2021,NYM,162,5856,176,636,54,8.5%,23.8%,0.239,0.315,0.391,0.706
2021,PHI,162,6089,198,734,77,9.3%,23.0%,0.240,0.318,0.408,0.726
2021,PIT,162,5983,124,609,60,8.8%,22.2%,0.236,0.309,0.364,0.673
2021,STL,162,6001,198,706,89,8.0%,22.3%,0.244,0.313,0.412,0.725
2021,SDP,162,6119,180,729,110,9.6%,21.6%,0.242,0.321,0.401,0.722
2021,SFG,162,6196,241,804,66,9.7%,23.6%,0.249,0.329,0.440,0.769
2022,LAA,162,5977,190,623,77,7.5%,25.7%,0.233,0.297,0.390,0.687
2022,BAL,162,6049,171,674,95,7.9%,23.0%,0.236,0.305,0.390,0.695
2022,BOS,162,6144,155,735,52,7.8%,22.3%,0.258,0.321,0.409,0.730
2022,CHW,162,6123,149,686,58,6.3%,20.7%,0.256,0.310,0.387,0.697
2022,CLE,162,6163,127,698,119,7.3%,18.2%,0.254,0.316,0.383,0.699
2022,DET,162,5870,110,557,47,6.5%,24.1%,0.231,0.286,0.346,0.632
2022,KCR,162,6010,138,640,104,7.7%,21.4%,0.244,0.306,0.380,0.686
2022,MIN,162,6113,178,696,38,8.5%,22.1%,0.248,0.317,0.401,0.718
2022,NYY,162,6172,254,807,102,10.0%,22.5%,0.241,0.325,0.426,0.751
2022,OAK,162,5863,137,568,78,7.4%,23.7%,0.216,0.281,0.346,0.627
2022,SEA,162,6117,197,690,83,9.7%,22.8%,0.230,0.315,0.390,0.705
2022,TBR,162,6008,139,666,95,8.3%,23.2%,0.239,0.309,0.377,0.686
2022,TEX,162,6029,198,707,128,7.6%,24.0%,0.239,0.301,0.395,0.696
2022,TOR,162,6158,200,775,67,8.1%,20.2%,0.264,0.329,0.431,0.760
2022,ARI,162,6027,173,702,104,8.8%,22.2%,0.230,0.304,0.385,0.689
2022,ATL,162,6082,243,789,87,7.7%,24.6%,0.253,0.317,0.443,0.760
2022,CHC,162,6072,159,657,111,8.3%,23.8%,0.238,0.311,0.387,0.698
2022,CIN,162,5978,156,648,58,7.6%,23.9%,0.235,0.304,0.372,0.676
2022,COL,162,6105,149,698,45,7.4%,21.8%,0.254,0.315,0.398,0.713
2022,MIA,162,5949,144,586,122,7.3%,24.0%,0.230,0.294,0.363,0.657
2022,HOU,162,6054,214,737,83,8.7%,19.5%,0.248,0.319,0.424,0.743
2022,LAD,162,6247,212,847,98,9.7%,22.0%,0.257,0.333,0.442,0.775
2022,MIL,162,6122,219,725,96,9.4%,23.9%,0.235,0.315,0.409,0.724
2022,WSN,162,5998,136,603,75,7.4%,20.4%,0.249,0.310,0.377,0.687
2022,NYM,162,6176,171,772,62,8.3%,19.7%,0.259,0.332,0.412,0.744
2022,PHI,162,6077,205,747,105,7.9%,22.4%,0.253,0.317,0.422,0.739
2022,PIT,162,5912,158,591,89,8.1%,25.3%,0.222,0.291,0.364,0.655
2022,STL,162,6165,197,772,95,8.7%,19.9%,0.252,0.325,0.420,0.745
2022,SDP,162,6175,153,705,49,9.3%,21.5%,0.241,0.318,0.382,0.700
2022,SFG,162,6117,183,716,64,9.3%,23.9%,0.234,0.315,0.390,0.705
2023,LAA,162,6145,231,739,72,8.4%,24.8%,0.245,0.317,0.426,0.743
2023,BAL,162,6123,183,807,114,8.4%,22.4%,0.255,0.321,0.421,0.742
2023,BOS,162,6174,182,772,112,7.9%,22.2%,0.258,0.324,0.424,0.748
2023,CHW,162,5980,171,641,86,6.3%,23.8%,0.238,0.291,0.384,0.675
2023,CLE,162,6096,124,662,151,7.7%,18.7%,0.250,0.313,0.381,0.694
2023,DET,162,6080,165,661,85,8.4%,24.2%,0.236,0.305,0.382,0.687
2023,KCR,162,5985,163,676,163,6.9%,23.3%,0.244,0.303,0.398,0.701
2023,MIN,162,6219,233,778,86,9.6%,26.6%,0.243,0.326,0.428,0.754
2023,NYY,162,5973,219,673,100,9.3%,23.9%,0.227,0.304,0.397,0.701
2023,OAK,162,5966,171,585,149,8.3%,25.1%,0.223,0.298,0.370,0.668
2023,SEA,162,6201,210,758,118,8.8%,25.9%,0.242,0.321,0.413,0.734
2023,TBR,162,6164,230,860,160,8.3%,23.0%,0.260,0.331,0.445,0.776
2023,TEX,162,6306,233,881,79,9.5%,22.5%,0.263,0.337,0.452,0.789
2023,TOR,162,6220,188,746,99,8.8%,20.9%,0.256,0.329,0.417,0.746
2023,ARI,162,6124,166,746,166,8.8%,20.4%,0.250,0.322,0.408,0.730
2023,ATL,162,6249,307,947,132,8.6%,20.6%,0.276,0.344,0.501,0.845
2023,CHC,162,6220,196,819,140,9.2%,22.4%,0.254,0.330,0.421,0.751
2023,CIN,162,6195,198,783,190,9.0%,24.2%,0.249,0.327,0.420,0.747
2023,COL,162,6055,163,721,76,7.4%,25.5%,0.249,0.310,0.405,0.715
2023,MIA,162,6043,166,666,86,7.1%,21.3%,0.259,0.316,0.405,0.721
2023,HOU,162,6253,222,827,107,8.8%,19.8%,0.259,0.331,0.437,0.768
2023,LAD,162,6333,249,906,105,10.2%,21.5%,0.257,0.340,0.455,0.795
2023,MIL,162,6084,165,728,129,9.7%,23.2%,0.240,0.319,0.385,0.704
2023,WSN,162,6085,151,700,127,7.0%,18.9%,0.254,0.314,0.396,0.710
2023,NYM,162,6056,215,717,118,8.7%,22.0%,0.238,0.316,0.407,0.723
2023,PHI,162,6207,220,796,141,8.7%,23.9%,0.256,0.327,0.438,0.765
2023,PIT,162,6089,159,692,117,9.1%,24.0%,0.239,0.315,0.392,0.707
2023,STL,162,6204,209,719,101,9.2%,21.4%,0.250,0.326,0.416,0.742
2023,SDP,162,6180,205,752,137,10.6%,21.2%,0.244,0.329,0.413,0.742
2023,SFG,162,6095,174,674,57,8.9%,24.5%,0.235,0.312,0.383,0.695
